networkName,layerId,layerName,Loading_ns,execution_ns,policy
AgeNet,0,input,908653,11845,linear
AgeNet,1,conv1,720333,10233383,linear
AgeNet,2,relu1,101174,3684432,linear
AgeNet,3,pool1,83349,7854581,linear
AgeNet,4,norm1,202642,3121390,linear
AgeNet,5,conv2,26329521,72730567,linear
AgeNet,6,relu2,111790,2135424,linear
AgeNet,7,pool2,102219,4794856,linear
AgeNet,8,norm2,94004,3224499,linear
AgeNet,9,conv3,34896405,25915031,linear
AgeNet,10,relu3,164347,705239,linear
AgeNet,11,pool5,125356,2944504,linear
AgeNet,12,fc6,412269233,13729965,linear
AgeNet,13,relu6,110391,18509,linear
AgeNet,14,drop6,71978,12196,linear
AgeNet,15,fc7,9838242,347754,linear
AgeNet,16,relu7,139782,37152,linear
AgeNet,17,drop7,119222,21918,linear
AgeNet,18,fc8,329053,54789,linear
AgeNet,19,prob,119186,54547,linear
GenderNet,0,input,157103,10769,linear
GenderNet,1,conv1,734213,96878341,linear
GenderNet,2,relu1,147294,27786024,linear
GenderNet,3,pool1,110768,60651987,linear
GenderNet,4,norm1,112267,32997551,linear
GenderNet,5,conv2,24869369,751729166,linear
GenderNet,6,relu2,101655,19146074,linear
GenderNet,7,pool2,122806,42224457,linear
GenderNet,8,norm2,137049,36853042,linear
GenderNet,9,conv3,34443038,242061508,linear
GenderNet,10,relu3,124299,6815598,linear
GenderNet,11,pool5,106600,25197332,linear
GenderNet,12,fc6,402808246,26488909,linear
GenderNet,13,relu6,109345,61074,linear
GenderNet,14,drop6,143939,22319,linear
GenderNet,15,fc7,10554442,720347,linear
GenderNet,16,relu7,130546,144524,linear
GenderNet,17,drop7,82448,11982,linear
GenderNet,18,fc8,172379,47588,linear
GenderNet,19,prob,117104,25728,linear
FaceNet,0,input,14254,13212,linear
FaceNet,1,conv1,956170,962889860,linear
FaceNet,2,relu1,98882,112955680,linear
FaceNet,3,pool1,106726,244579531,linear
FaceNet,4,norm1,102626,86152130,linear
FaceNet,5,conv2,7137688,1627050891,linear
FaceNet,6,relu2,96983,72067203,linear
FaceNet,7,pool2,89066,133622389,linear
FaceNet,8,norm2,89349,65937469,linear
FaceNet,9,conv3,18832912,862795331,linear
FaceNet,10,relu3,92176,27851452,linear
FaceNet,11,conv4,15218601,778866572,linear
FaceNet,12,relu4,75878,26996543,linear
FaceNet,13,conv5,9816900,601131027,linear
FaceNet,14,relu5,101669,16212987,linear
FaceNet,15,pool5,101866,32698877,linear
FaceNet,16,fc6-conv,896578014,5769964297,linear
FaceNet,17,relu6,77825,64469942,linear
FaceNet,18,drop6,107353,5186543,linear
FaceNet,19,fc7-conv,414418328,2532507235,linear
FaceNet,20,relu7,86099,51747390,linear
FaceNet,21,drop7,76303,5333778,linear
FaceNet,22,fc8-conv,322941,13672998,linear
FaceNet,23,prob,92796,85208,linear
AgeNet,0,input,109784,14335,linear
AgeNet,1,conv1,645982,9550085,linear
AgeNet,2,relu1,104621,4708442,linear
AgeNet,3,pool1,193693,9420036,linear
AgeNet,4,norm1,116513,2845205,linear
AgeNet,5,conv2,28006655,73317559,linear
AgeNet,6,relu2,111960,2115647,linear
AgeNet,7,pool2,110083,4413645,linear
AgeNet,8,norm2,115836,4001384,linear
AgeNet,9,conv3,34599702,24461046,linear
AgeNet,10,relu3,107235,650776,linear
AgeNet,11,pool5,73083,2372433,linear
AgeNet,12,fc6,403854306,13267271,linear
AgeNet,13,relu6,158414,19739,linear
AgeNet,14,drop6,96781,12972,linear
AgeNet,15,fc7,9287628,365337,linear
AgeNet,16,relu7,148848,26479,linear
AgeNet,17,drop7,136015,20500,linear
AgeNet,18,fc8,316717,23092,linear
AgeNet,19,prob,68546,14999,linear
GenderNet,0,input,99140,7988,linear
GenderNet,1,conv1,611173,95348181,linear
GenderNet,2,relu1,110359,27963127,linear
GenderNet,3,pool1,158976,60716675,linear
GenderNet,4,norm1,163011,30268746,linear
GenderNet,5,conv2,24704484,709964225,linear
GenderNet,6,relu2,98719,19484659,linear
GenderNet,7,pool2,140717,47222158,linear
GenderNet,8,norm2,113608,32335714,linear
GenderNet,9,conv3,36150759,240730632,linear
GenderNet,10,relu3,130560,6820749,linear
GenderNet,11,pool5,120353,24665626,linear
GenderNet,12,fc6,401928756,26957214,linear
GenderNet,13,relu6,117330,64275,linear
GenderNet,14,drop6,115105,22769,linear
GenderNet,15,fc7,9425987,1703154,linear
GenderNet,16,relu7,205909,150553,linear
GenderNet,17,drop7,146578,20742,linear
GenderNet,18,fc8,299484,34313,linear
GenderNet,19,prob,138219,42153,linear
FaceNet,0,input,9911,16148,linear
FaceNet,1,conv1,941545,868354109,linear
FaceNet,2,relu1,111972,99892130,linear
FaceNet,3,pool1,103654,221696029,linear
FaceNet,4,norm1,85652,90628332,linear
FaceNet,5,conv2,6841045,1528189554,linear
FaceNet,6,relu2,75562,69483454,linear
FaceNet,7,pool2,79564,136091923,linear
FaceNet,8,norm2,100606,59410990,linear
FaceNet,9,conv3,19158409,792268951,linear
FaceNet,10,relu3,104140,24885689,linear
FaceNet,11,conv4,14557563,695869872,linear
FaceNet,12,relu4,90129,30142173,linear
FaceNet,13,conv5,11334176,530796877,linear
FaceNet,14,relu5,101132,15123616,linear
FaceNet,15,pool5,94217,32558098,linear
FaceNet,16,fc6-conv,908358536,5139208236,linear
FaceNet,17,relu6,149705,53250223,linear
FaceNet,18,drop6,90914,4456495,linear
FaceNet,19,fc7-conv,405651017,2254649090,linear
FaceNet,20,relu7,89261,45868833,linear
FaceNet,21,drop7,109164,3885460,linear
FaceNet,22,fc8-conv,285117,10223027,linear
FaceNet,23,prob,79668,105313,linear
AgeNet,0,input,1175942,25712,linear
AgeNet,1,conv1,724607,9540996,linear
AgeNet,2,relu1,124441,3661600,linear
AgeNet,3,pool1,127486,7421969,linear
AgeNet,4,norm1,115521,3710146,linear
AgeNet,5,conv2,25898281,79634959,linear
AgeNet,6,relu2,100523,2028680,linear
AgeNet,7,pool2,76706,4691883,linear
AgeNet,8,norm2,145219,3200178,linear
AgeNet,9,conv3,35962114,26650744,linear
AgeNet,10,relu3,135477,659396,linear
AgeNet,11,pool5,77432,2364049,linear
AgeNet,12,fc6,416038689,14359566,linear
AgeNet,13,relu6,128408,22232,linear
AgeNet,14,drop6,136945,19836,linear
AgeNet,15,fc7,9805742,344533,linear
AgeNet,16,relu7,121271,26499,linear
AgeNet,17,drop7,163815,22206,linear
AgeNet,18,fc8,321765,37336,linear
AgeNet,19,prob,139201,25942,linear
GenderNet,0,input,247974,12009,linear
GenderNet,1,conv1,614206,94897825,linear
GenderNet,2,relu1,108363,28331595,linear
GenderNet,3,pool1,113701,57413345,linear
GenderNet,4,norm1,134770,30842478,linear
GenderNet,5,conv2,24225588,721761579,linear
GenderNet,6,relu2,121085,19373762,linear
GenderNet,7,pool2,121549,40129286,linear
GenderNet,8,norm2,139878,31675827,linear
GenderNet,9,conv3,36902590,248395304,linear
GenderNet,10,relu3,110181,6499607,linear
GenderNet,11,pool5,131492,26057097,linear
GenderNet,12,fc6,406389455,30239139,linear
GenderNet,13,relu6,119383,77598,linear
GenderNet,14,drop6,134065,21866,linear
GenderNet,15,fc7,9623827,639038,linear
GenderNet,16,relu7,91929,76231,linear
GenderNet,17,drop7,88338,12120,linear
GenderNet,18,fc8,142875,27419,linear
GenderNet,19,prob,105193,28061,linear
FaceNet,0,input,7535,13305,linear
FaceNet,1,conv1,920745,3458136147,linear
FaceNet,2,relu1,102276,432363806,linear
FaceNet,3,pool1,102909,849516963,linear
FaceNet,4,norm1,105683,371371613,linear
FaceNet,5,conv2,6776495,5817662335,linear
FaceNet,6,relu2,95473,255424499,linear
FaceNet,7,pool2,120897,503503069,linear
FaceNet,8,norm2,110291,242225800,linear
FaceNet,9,conv3,18856938,3124074828,linear
FaceNet,10,relu3,106361,101479645,linear
FaceNet,11,conv4,14813414,2761694825,linear
FaceNet,12,relu4,88754,101045835,linear
FaceNet,13,conv5,9563873,2108925205,linear
FaceNet,14,relu5,79679,60275703,linear
FaceNet,15,pool5,109517,111493436,linear
FaceNet,16,fc6-conv,893899435,23643635004,linear
FaceNet,17,relu6,170620,277260198,linear
FaceNet,18,drop6,81033,52848023,linear
FaceNet,19,fc7-conv,429648383,12000470916,linear
FaceNet,20,relu7,111683,264028539,linear
FaceNet,21,drop7,112071,59235691,linear
FaceNet,22,fc8-conv,320272,75267945,linear
FaceNet,23,prob,123978,418283,linear
