networkName,layerId,layerName,Loading_ns,execution_ns,policy
Salient Object Subitizing,0,input,848625,10706,linear
Salient Object Subitizing,1,conv1,1467178,24658955,linear
Salient Object Subitizing,2,relu1,98906,3746183,linear
Salient Object Subitizing,3,pool1,70139,7484961,linear
Salient Object Subitizing,4,norm1,108816,3254025,linear
Salient Object Subitizing,5,conv2,12329402,40393613,linear
Salient Object Subitizing,6,relu2,131809,2056259,linear
Salient Object Subitizing,7,pool2,71531,4047169,linear
Salient Object Subitizing,8,norm2,67587,2775568,linear
Salient Object Subitizing,9,conv3,36864753,26344264,linear
Salient Object Subitizing,10,relu3,118026,817628,linear
Salient Object Subitizing,11,conv4,23728867,21366511,linear
Salient Object Subitizing,12,relu4,104758,815126,linear
Salient Object Subitizing,13,conv5,19002177,16024600,linear
Salient Object Subitizing,14,relu5,102950,422915,linear
Salient Object Subitizing,15,pool5,71245,1425908,linear
Salient Object Subitizing,16,fc6,1535226346,47720438,linear
Salient Object Subitizing,17,relu6,122860,78859,linear
Salient Object Subitizing,18,fc7,684175184,22538166,linear
Salient Object Subitizing,19,relu7,125134,55535,linear
Salient Object Subitizing,20,fc8_sbt,812828,46938,linear
Salient Object Subitizing,21,prob,66322,27556,linear
Salient Object Subitizing_google,0,data,69328,10700,linear
Salient Object Subitizing_google,1,conv1/7x7_s2,317745,286438057,linear
Salient Object Subitizing_google,2,conv1/relu_7x7,81423,73179298,linear
Salient Object Subitizing_google,3,pool1/3x3_s2,91428,137451794,linear
Salient Object Subitizing_google,4,pool1/norm1,88813,71167703,linear
Salient Object Subitizing_google,5,conv2/3x3_reduce,198229,20520506,linear
Salient Object Subitizing_google,6,conv2/relu_3x3_reduce,83184,17819053,linear
Salient Object Subitizing_google,7,conv2/3x3,2401941,521505103,linear
Salient Object Subitizing_google,8,conv2/relu_3x3,82854,54364944,linear
Salient Object Subitizing_google,9,conv2/norm2,85912,214849756,linear
Salient Object Subitizing_google,10,pool2/3x3_s2,91266,102016146,linear
Salient Object Subitizing_google,11,pool2/3x3_s2_pool2/3x3_s2_0_split,83353,10913,linear
Salient Object Subitizing_google,12,inception_3a/1x1,355418,11588306,linear
Salient Object Subitizing_google,13,inception_3a/relu_1x1,85220,4429990,linear
Salient Object Subitizing_google,14,inception_3a/3x3_reduce,458262,23255272,linear
Salient Object Subitizing_google,15,inception_3a/relu_3x3_reduce,101852,6811872,linear
Salient Object Subitizing_google,16,inception_3a/3x3,2490117,147886670,linear
Salient Object Subitizing_google,17,inception_3a/relu_3x3,83326,8950498,linear
Salient Object Subitizing_google,18,inception_3a/5x5_reduce,145113,3974783,linear
Salient Object Subitizing_google,19,inception_3a/relu_5x5_reduce,72403,1096405,linear
Salient Object Subitizing_google,20,inception_3a/5x5,346367,40338260,linear
Salient Object Subitizing_google,21,inception_3a/relu_5x5,87108,2225451,linear
Salient Object Subitizing_google,22,inception_3a/pool,56585,102492929,linear
Salient Object Subitizing_google,23,inception_3a/pool_proj,275045,6668521,linear
Salient Object Subitizing_google,24,inception_3a/relu_pool_proj,88651,2177701,linear
Salient Object Subitizing_google,25,inception_3a/output,50506,2785397,linear
Salient Object Subitizing_google,26,inception_3a/output_inception_3a/output_0_split,92474,11570,linear
Salient Object Subitizing_google,27,inception_3b/1x1,751275,32835628,linear
Salient Object Subitizing_google,28,inception_3b/relu_1x1,145585,9049950,linear
Salient Object Subitizing_google,29,inception_3b/3x3_reduce,792719,32899565,linear
Salient Object Subitizing_google,30,inception_3b/relu_3x3_reduce,91110,8961271,linear
Salient Object Subitizing_google,31,inception_3b/3x3,5038357,278171123,linear
Salient Object Subitizing_google,32,inception_3b/relu_3x3,82853,12737284,linear
Salient Object Subitizing_google,33,inception_3b/5x5_reduce,252974,10004815,linear
Salient Object Subitizing_google,34,inception_3b/relu_5x5_reduce,91515,2264078,linear
Salient Object Subitizing_google,35,inception_3b/5x5,1730885,113982139,linear
Salient Object Subitizing_google,36,inception_3b/relu_5x5,96408,6871483,linear
Salient Object Subitizing_google,37,inception_3b/pool,105326,157768573,linear
Salient Object Subitizing_google,38,inception_3b/pool_proj,464034,21072564,linear
Salient Object Subitizing_google,39,inception_3b/relu_pool_proj,128556,6880970,linear
Salient Object Subitizing_google,40,inception_3b/output,108044,7842528,linear
Salient Object Subitizing_google,41,pool3/3x3_s2,88683,77281293,linear
Salient Object Subitizing_google,42,pool3/3x3_s2_pool3/3x3_s2_0_split,87838,12613,linear
Salient Object Subitizing_google,43,inception_4a/1x1,2108286,24442470,linear
Salient Object Subitizing_google,44,inception_4a/relu_1x1,82192,3308532,linear
Salient Object Subitizing_google,45,inception_4a/3x3_reduce,1047097,10980169,linear
Salient Object Subitizing_google,46,inception_4a/relu_3x3_reduce,76244,1754430,linear
Salient Object Subitizing_google,47,inception_4a/3x3,4115825,51677485,linear
Salient Object Subitizing_google,48,inception_4a/relu_3x3,107386,3511275,linear
Salient Object Subitizing_google,49,inception_4a/5x5_reduce,241200,2606516,linear
Salient Object Subitizing_google,50,inception_4a/relu_5x5_reduce,73279,291444,linear
Salient Object Subitizing_google,51,inception_4a/5x5,495948,9043092,linear
Salient Object Subitizing_google,52,inception_4a/relu_5x5,54884,881612,linear
Salient Object Subitizing_google,53,inception_4a/pool,67559,76373142,linear
Salient Object Subitizing_google,54,inception_4a/pool_proj,759162,7558426,linear
Salient Object Subitizing_google,55,inception_4a/relu_pool_proj,89536,1130104,linear
Salient Object Subitizing_google,56,inception_4a/output,50884,1006603,linear
Salient Object Subitizing_google,57,inception_4a/output_inception_4a/output_0_split,97343,11523,linear
Salient Object Subitizing_google,58,inception_4b/1x1,1949382,19391031,linear
Salient Object Subitizing_google,59,inception_4b/relu_1x1,87870,2982003,linear
Salient Object Subitizing_google,60,inception_4b/3x3_reduce,1300883,13944851,linear
Salient Object Subitizing_google,61,inception_4b/relu_3x3_reduce,83157,2120377,linear
Salient Object Subitizing_google,62,inception_4b/3x3,5108157,62921286,linear
Salient Object Subitizing_google,63,inception_4b/relu_3x3,85594,4142989,linear
Salient Object Subitizing_google,64,inception_4b/5x5_reduce,334119,4287883,linear
Salient Object Subitizing_google,65,inception_4b/relu_5x5_reduce,75401,449210,linear
Salient Object Subitizing_google,66,inception_4b/5x5,872521,16796561,linear
Salient Object Subitizing_google,67,inception_4b/relu_5x5,102071,1471281,linear
Salient Object Subitizing_google,68,inception_4b/pool,98473,80035879,linear
Salient Object Subitizing_google,69,inception_4b/pool_proj,859006,8570200,linear
Salient Object Subitizing_google,70,inception_4b/relu_pool_proj,85352,1278037,linear
Salient Object Subitizing_google,71,inception_4b/output,137393,978848,linear
Salient Object Subitizing_google,72,inception_4b/output_inception_4b/output_0_split,94892,17308,linear
Salient Object Subitizing_google,73,inception_4c/1x1,1774336,17068125,linear
Salient Object Subitizing_google,74,inception_4c/relu_1x1,95910,2344891,linear
Salient Object Subitizing_google,75,inception_4c/3x3_reduce,1477726,16145563,linear
Salient Object Subitizing_google,76,inception_4c/relu_3x3_reduce,85465,2383704,linear
Salient Object Subitizing_google,77,inception_4c/3x3,6572887,80872697,linear
Salient Object Subitizing_google,78,inception_4c/relu_3x3,95216,4722147,linear
Salient Object Subitizing_google,79,inception_4c/5x5_reduce,334740,4092491,linear
Salient Object Subitizing_google,80,inception_4c/relu_5x5_reduce,75635,460778,linear
Salient Object Subitizing_google,81,inception_4c/5x5,872397,15628968,linear
Salient Object Subitizing_google,82,inception_4c/relu_5x5,56922,1301878,linear
Salient Object Subitizing_google,83,inception_4c/pool,57406,99046391,linear
Salient Object Subitizing_google,84,inception_4c/pool_proj,804593,13128884,linear
Salient Object Subitizing_google,85,inception_4c/relu_pool_proj,101371,1746676,linear
Salient Object Subitizing_google,86,inception_4c/output,106341,888874,linear
Salient Object Subitizing_google,87,inception_4c/output_inception_4c/output_0_split,88802,11479,linear
Salient Object Subitizing_google,88,inception_4d/1x1,1399024,14430639,linear
Salient Object Subitizing_google,89,inception_4d/relu_1x1,114103,2056374,linear
Salient Object Subitizing_google,90,inception_4d/3x3_reduce,1586978,17174803,linear
Salient Object Subitizing_google,91,inception_4d/relu_3x3_reduce,85327,2580658,linear
Salient Object Subitizing_google,92,inception_4d/3x3,8521285,103411672,linear
Salient Object Subitizing_google,93,inception_4d/relu_3x3,94293,5072657,linear
Salient Object Subitizing_google,94,inception_4d/5x5_reduce,423458,5290375,linear
Salient Object Subitizing_google,95,inception_4d/relu_5x5_reduce,85292,601762,linear
Salient Object Subitizing_google,96,inception_4d/5x5,1147065,28018063,linear
Salient Object Subitizing_google,97,inception_4d/relu_5x5,104215,1237875,linear
Salient Object Subitizing_google,98,inception_4d/pool,53063,96747749,linear
Salient Object Subitizing_google,99,inception_4d/pool_proj,845175,8520304,linear
Salient Object Subitizing_google,100,inception_4d/relu_pool_proj,81866,1149109,linear
Salient Object Subitizing_google,101,inception_4d/output,63094,959759,linear
Salient Object Subitizing_google,102,inception_4d/output_inception_4d/output_0_split,94849,11343,linear
Salient Object Subitizing_google,103,inception_4e/1x1,3289789,31441017,linear
Salient Object Subitizing_google,104,inception_4e/relu_1x1,84863,7504100,linear
Salient Object Subitizing_google,105,inception_4e/3x3_reduce,2326349,21013797,linear
Salient Object Subitizing_google,106,inception_4e/relu_3x3_reduce,79669,2897807,linear
Salient Object Subitizing_google,107,inception_4e/3x3,10358097,121172813,linear
Salient Object Subitizing_google,108,inception_4e/relu_3x3,88972,5521938,linear
Salient Object Subitizing_google,109,inception_4e/5x5_reduce,432060,4767185,linear
Salient Object Subitizing_google,110,inception_4e/relu_5x5_reduce,79774,587027,linear
Salient Object Subitizing_google,111,inception_4e/5x5,2243294,39668761,linear
Salient Object Subitizing_google,112,inception_4e/relu_5x5,105569,2168535,linear
Salient Object Subitizing_google,113,inception_4e/pool,57716,87704080,linear
Salient Object Subitizing_google,114,inception_4e/pool_proj,1519305,15614668,linear
Salient Object Subitizing_google,115,inception_4e/relu_pool_proj,99572,2240500,linear
Salient Object Subitizing_google,116,inception_4e/output,54489,2408931,linear
Salient Object Subitizing_google,117,pool4/3x3_s2,90803,52608564,linear
Salient Object Subitizing_google,118,pool4/3x3_s2_pool4/3x3_s2_0_split,87969,11625,linear
Salient Object Subitizing_google,119,inception_5a/1x1,4527507,15498431,linear
Salient Object Subitizing_google,120,inception_5a/relu_1x1,85309,1164401,linear
Salient Object Subitizing_google,121,inception_5a/3x3_reduce,2794634,9390448,linear
Salient Object Subitizing_google,122,inception_5a/relu_3x3_reduce,59786,738904,linear
Salient Object Subitizing_google,123,inception_5a/3x3,10396858,42001930,linear
Salient Object Subitizing_google,124,inception_5a/relu_3x3,97723,1406374,linear
Salient Object Subitizing_google,125,inception_5a/5x5_reduce,661596,2314318,linear
Salient Object Subitizing_google,126,inception_5a/relu_5x5_reduce,100989,156996,linear
Salient Object Subitizing_google,127,inception_5a/5x5,2198437,9496877,linear
Salient Object Subitizing_google,128,inception_5a/relu_5x5,64707,593068,linear
Salient Object Subitizing_google,129,inception_5a/pool,56831,50773908,linear
Salient Object Subitizing_google,130,inception_5a/pool_proj,2455179,8394360,linear
Salient Object Subitizing_google,131,inception_5a/relu_pool_proj,104501,585551,linear
Salient Object Subitizing_google,132,inception_5a/output,71204,264486,linear
Salient Object Subitizing_google,133,inception_5a/output_inception_5a/output_0_split,68446,10747,linear
Salient Object Subitizing_google,134,inception_5b/1x1,7690441,22771950,linear
Salient Object Subitizing_google,135,inception_5b/relu_1x1,133051,1856570,linear
Salient Object Subitizing_google,136,inception_5b/3x3_reduce,3486654,11631084,linear
Salient Object Subitizing_google,137,inception_5b/relu_3x3_reduce,66840,923230,linear
Salient Object Subitizing_google,138,inception_5b/3x3,14998331,54262504,linear
Salient Object Subitizing_google,139,inception_5b/relu_3x3,102979,1885967,linear
Salient Object Subitizing_google,140,inception_5b/5x5_reduce,948195,3124105,linear
Salient Object Subitizing_google,141,inception_5b/relu_5x5_reduce,62353,234925,linear
Salient Object Subitizing_google,142,inception_5b/5x5,3343085,14305630,linear
Salient Object Subitizing_google,143,inception_5b/relu_5x5,71003,632655,linear
Salient Object Subitizing_google,144,inception_5b/pool,54693,53824050,linear
Salient Object Subitizing_google,145,inception_5b/pool_proj,2350571,7618874,linear
Salient Object Subitizing_google,146,inception_5b/relu_pool_proj,69976,578637,linear
Salient Object Subitizing_google,147,inception_5b/output,53658,546604,linear
Salient Object Subitizing_google,148,pool5/7x7_s1,67735,22664660,linear
Salient Object Subitizing_google,149,pool5/drop_7x7_s1,56604,38356,linear
Salient Object Subitizing_google,150,loss3/classifier-sos,179786,47803,linear
Salient Object Subitizing_google,151,loss3/loss3,50571,19332,linear
Salient Object Subitizing,0,input,86313,13508,linear
Salient Object Subitizing,1,conv1,1345752,21978640,linear
Salient Object Subitizing,2,relu1,141266,3685378,linear
Salient Object Subitizing,3,pool1,111679,6540416,linear
Salient Object Subitizing,4,norm1,74967,2598662,linear
Salient Object Subitizing,5,conv2,10655584,37790677,linear
Salient Object Subitizing,6,relu2,138303,2212007,linear
Salient Object Subitizing,7,pool2,116302,4252149,linear
Salient Object Subitizing,8,norm2,143316,3102547,linear
Salient Object Subitizing,9,conv3,32280196,26639680,linear
Salient Object Subitizing,10,relu3,121277,850410,linear
Salient Object Subitizing,11,conv4,23683295,21949028,linear
Salient Object Subitizing,12,relu4,102168,823597,linear
Salient Object Subitizing,13,conv5,15415854,15550370,linear
Salient Object Subitizing,14,relu5,105463,430493,linear
Salient Object Subitizing,15,pool5,72300,1408512,linear
Salient Object Subitizing,16,fc6,1558278531,55662454,linear
Salient Object Subitizing,17,relu6,113803,67387,linear
Salient Object Subitizing,18,fc7,700351073,22387487,linear
Salient Object Subitizing,19,relu7,106743,62833,linear
Salient Object Subitizing,20,fc8_sbt,873593,50929,linear
Salient Object Subitizing,21,prob,119275,18092,linear
Salient Object Subitizing_google,0,data,95346,8580,linear
Salient Object Subitizing_google,1,conv1/7x7_s2,281689,265807767,linear
Salient Object Subitizing_google,2,conv1/relu_7x7,83664,75676209,linear
Salient Object Subitizing_google,3,pool1/3x3_s2,86788,145299463,linear
Salient Object Subitizing_google,4,pool1/norm1,87917,61729329,linear
Salient Object Subitizing_google,5,conv2/3x3_reduce,196482,26055256,linear
Salient Object Subitizing_google,6,conv2/relu_3x3_reduce,112083,17896457,linear
Salient Object Subitizing_google,7,conv2/3x3,2471812,531111858,linear
Salient Object Subitizing_google,8,conv2/relu_3x3,93362,54629245,linear
Salient Object Subitizing_google,9,conv2/norm2,96694,214702135,linear
Salient Object Subitizing_google,10,pool2/3x3_s2,127285,110907827,linear
Salient Object Subitizing_google,11,pool2/3x3_s2_pool2/3x3_s2_0_split,97396,12882,linear
Salient Object Subitizing_google,12,inception_3a/1x1,347433,11852487,linear
Salient Object Subitizing_google,13,inception_3a/relu_1x1,79935,4543625,linear
Salient Object Subitizing_google,14,inception_3a/3x3_reduce,491155,18790186,linear
Salient Object Subitizing_google,15,inception_3a/relu_3x3_reduce,109811,8748235,linear
Salient Object Subitizing_google,16,inception_3a/3x3,2433589,142952775,linear
Salient Object Subitizing_google,17,inception_3a/relu_3x3,83431,9001847,linear
Salient Object Subitizing_google,18,inception_3a/5x5_reduce,142787,4118361,linear
Salient Object Subitizing_google,19,inception_3a/relu_5x5_reduce,79824,1123052,linear
Salient Object Subitizing_google,20,inception_3a/5x5,347798,38025774,linear
Salient Object Subitizing_google,21,inception_3a/relu_5x5,84310,2555171,linear
Salient Object Subitizing_google,22,inception_3a/pool,99771,104812334,linear
Salient Object Subitizing_google,23,inception_3a/pool_proj,236532,7135739,linear
Salient Object Subitizing_google,24,inception_3a/relu_pool_proj,91186,2187201,linear
Salient Object Subitizing_google,25,inception_3a/output,49734,5094870,linear
Salient Object Subitizing_google,26,inception_3a/output_inception_3a/output_0_split,121097,27813,linear
Salient Object Subitizing_google,27,inception_3b/1x1,754540,33079286,linear
Salient Object Subitizing_google,28,inception_3b/relu_1x1,84035,10140647,linear
Salient Object Subitizing_google,29,inception_3b/3x3_reduce,825554,33048737,linear
Salient Object Subitizing_google,30,inception_3b/relu_3x3_reduce,81820,8993784,linear
Salient Object Subitizing_google,31,inception_3b/3x3,4977089,273479279,linear
Salient Object Subitizing_google,32,inception_3b/relu_3x3,85425,12809173,linear
Salient Object Subitizing_google,33,inception_3b/5x5_reduce,263629,10102100,linear
Salient Object Subitizing_google,34,inception_3b/relu_5x5_reduce,85498,2246430,linear
Salient Object Subitizing_google,35,inception_3b/5x5,1688272,113584346,linear
Salient Object Subitizing_google,36,inception_3b/relu_5x5,89705,6454055,linear
Salient Object Subitizing_google,37,inception_3b/pool,51856,148625154,linear
Salient Object Subitizing_google,38,inception_3b/pool_proj,465033,17299157,linear
Salient Object Subitizing_google,39,inception_3b/relu_pool_proj,77644,4296077,linear
Salient Object Subitizing_google,40,inception_3b/output,50941,6743489,linear
Salient Object Subitizing_google,41,pool3/3x3_s2,88319,82021641,linear
Salient Object Subitizing_google,42,pool3/3x3_s2_pool3/3x3_s2_0_split,88710,11147,linear
Salient Object Subitizing_google,43,inception_4a/1x1,1975226,20585268,linear
Salient Object Subitizing_google,44,inception_4a/relu_1x1,83646,3296658,linear
Salient Object Subitizing_google,45,inception_4a/3x3_reduce,1020842,16762292,linear
Salient Object Subitizing_google,46,inception_4a/relu_3x3_reduce,93116,1833228,linear
Salient Object Subitizing_google,47,inception_4a/3x3,4203176,49613063,linear
Salient Object Subitizing_google,48,inception_4a/relu_3x3,116616,3622692,linear
Salient Object Subitizing_google,49,inception_4a/5x5_reduce,299454,2832714,linear
Salient Object Subitizing_google,50,inception_4a/relu_5x5_reduce,83396,292561,linear
Salient Object Subitizing_google,51,inception_4a/5x5,490832,9930986,linear
Salient Object Subitizing_google,52,inception_4a/relu_5x5,97208,1356711,linear
Salient Object Subitizing_google,53,inception_4a/pool,126798,75061562,linear
Salient Object Subitizing_google,54,inception_4a/pool_proj,736438,7392949,linear
Salient Object Subitizing_google,55,inception_4a/relu_pool_proj,78187,1125966,linear
Salient Object Subitizing_google,56,inception_4a/output,53051,1096668,linear
Salient Object Subitizing_google,57,inception_4a/output_inception_4a/output_0_split,93696,13373,linear
Salient Object Subitizing_google,58,inception_4b/1x1,2107861,21023412,linear
Salient Object Subitizing_google,59,inception_4b/relu_1x1,93647,2987585,linear
Salient Object Subitizing_google,60,inception_4b/3x3_reduce,1247083,13961984,linear
Salient Object Subitizing_google,61,inception_4b/relu_3x3_reduce,82739,2106020,linear
Salient Object Subitizing_google,62,inception_4b/3x3,4955683,63048545,linear
Salient Object Subitizing_google,63,inception_4b/relu_3x3,93551,4158747,linear
Salient Object Subitizing_google,64,inception_4b/5x5_reduce,340265,4232678,linear
Salient Object Subitizing_google,65,inception_4b/relu_5x5_reduce,77826,457245,linear
Salient Object Subitizing_google,66,inception_4b/5x5,903074,16033012,linear
Salient Object Subitizing_google,67,inception_4b/relu_5x5,91562,1243564,linear
Salient Object Subitizing_google,68,inception_4b/pool,70127,81039493,linear
Salient Object Subitizing_google,69,inception_4b/pool_proj,785095,8304803,linear
Salient Object Subitizing_google,70,inception_4b/relu_pool_proj,76676,1232977,linear
Salient Object Subitizing_google,71,inception_4b/output,51350,1005796,linear
Salient Object Subitizing_google,72,inception_4b/output_inception_4b/output_0_split,85440,11123,linear
Salient Object Subitizing_google,73,inception_4c/1x1,1547222,16210249,linear
Salient Object Subitizing_google,74,inception_4c/relu_1x1,81102,2346446,linear
Salient Object Subitizing_google,75,inception_4c/3x3_reduce,1431175,23313781,linear
Salient Object Subitizing_google,76,inception_4c/relu_3x3_reduce,85598,2375800,linear
Salient Object Subitizing_google,77,inception_4c/3x3,6594715,84632281,linear
Salient Object Subitizing_google,78,inception_4c/relu_3x3,88789,4705261,linear
Salient Object Subitizing_google,79,inception_4c/5x5_reduce,332508,4473370,linear
Salient Object Subitizing_google,80,inception_4c/relu_5x5_reduce,88680,503683,linear
Salient Object Subitizing_google,81,inception_4c/5x5,868207,15733742,linear
Salient Object Subitizing_google,82,inception_4c/relu_5x5,76513,1273854,linear
Salient Object Subitizing_google,83,inception_4c/pool,63283,97885200,linear
Salient Object Subitizing_google,84,inception_4c/pool_proj,803378,8367384,linear
Salient Object Subitizing_google,85,inception_4c/relu_pool_proj,88301,1161228,linear
Salient Object Subitizing_google,86,inception_4c/output,52986,853047,linear
Salient Object Subitizing_google,87,inception_4c/output_inception_4c/output_0_split,84637,11288,linear
Salient Object Subitizing_google,88,inception_4d/1x1,1403802,14267066,linear
Salient Object Subitizing_google,89,inception_4d/relu_1x1,100368,3329121,linear
Salient Object Subitizing_google,90,inception_4d/3x3_reduce,2091999,19088793,linear
Salient Object Subitizing_google,91,inception_4d/relu_3x3_reduce,83536,2594035,linear
Salient Object Subitizing_google,92,inception_4d/3x3,8533348,102177373,linear
Salient Object Subitizing_google,93,inception_4d/relu_3x3,85444,5161678,linear
Salient Object Subitizing_google,94,inception_4d/5x5_reduce,434493,5250001,linear
Salient Object Subitizing_google,95,inception_4d/relu_5x5_reduce,84440,610356,linear
Salient Object Subitizing_google,96,inception_4d/5x5,1196635,21138485,linear
Salient Object Subitizing_google,97,inception_4d/relu_5x5,68874,1172700,linear
Salient Object Subitizing_google,98,inception_4d/pool,53097,94816220,linear
Salient Object Subitizing_google,99,inception_4d/pool_proj,801516,8466843,linear
Salient Object Subitizing_google,100,inception_4d/relu_pool_proj,86087,1151468,linear
Salient Object Subitizing_google,101,inception_4d/output,138747,929306,linear
Salient Object Subitizing_google,102,inception_4d/output_inception_4d/output_0_split,107476,22582,linear
Salient Object Subitizing_google,103,inception_4e/1x1,3270786,30643942,linear
Salient Object Subitizing_google,104,inception_4e/relu_1x1,88940,4514655,linear
Salient Object Subitizing_google,105,inception_4e/3x3_reduce,1919336,19520646,linear
Salient Object Subitizing_google,106,inception_4e/relu_3x3_reduce,113723,2883636,linear
Salient Object Subitizing_google,107,inception_4e/3x3,10511076,130360208,linear
Salient Object Subitizing_google,108,inception_4e/relu_3x3,101347,5541668,linear
Salient Object Subitizing_google,109,inception_4e/5x5_reduce,464708,4865921,linear
Salient Object Subitizing_google,110,inception_4e/relu_5x5_reduce,84376,587966,linear
Salient Object Subitizing_google,111,inception_4e/5x5,2183690,32167248,linear
Salient Object Subitizing_google,112,inception_4e/relu_5x5,78295,2160765,linear
Salient Object Subitizing_google,113,inception_4e/pool,56925,86650424,linear
Salient Object Subitizing_google,114,inception_4e/pool_proj,1502356,15604442,linear
Salient Object Subitizing_google,115,inception_4e/relu_pool_proj,82618,2297147,linear
Salient Object Subitizing_google,116,inception_4e/output,91838,2652646,linear
Salient Object Subitizing_google,117,pool4/3x3_s2,108497,54166032,linear
Salient Object Subitizing_google,118,pool4/3x3_s2_pool4/3x3_s2_0_split,100887,10833,linear
Salient Object Subitizing_google,119,inception_5a/1x1,4449336,15130530,linear
Salient Object Subitizing_google,120,inception_5a/relu_1x1,60965,1175459,linear
Salient Object Subitizing_google,121,inception_5a/3x3_reduce,2827895,13673634,linear
Salient Object Subitizing_google,122,inception_5a/relu_3x3_reduce,111226,1195565,linear
Salient Object Subitizing_google,123,inception_5a/3x3,10143472,36695286,linear
Salient Object Subitizing_google,124,inception_5a/relu_3x3,86230,1397705,linear
Salient Object Subitizing_google,125,inception_5a/5x5_reduce,633853,2102933,linear
Salient Object Subitizing_google,126,inception_5a/relu_5x5_reduce,61813,146483,linear
Salient Object Subitizing_google,127,inception_5a/5x5,2215271,9594207,linear
Salient Object Subitizing_google,128,inception_5a/relu_5x5,55371,590986,linear
Salient Object Subitizing_google,129,inception_5a/pool,52229,53690564,linear
Salient Object Subitizing_google,130,inception_5a/pool_proj,2328384,7676717,linear
Salient Object Subitizing_google,131,inception_5a/relu_pool_proj,62063,597993,linear
Salient Object Subitizing_google,132,inception_5a/output,52075,363276,linear
Salient Object Subitizing_google,133,inception_5a/output_inception_5a/output_0_split,74960,10155,linear
Salient Object Subitizing_google,134,inception_5b/1x1,7253405,25080005,linear
Salient Object Subitizing_google,135,inception_5b/relu_1x1,89461,1791341,linear
Salient Object Subitizing_google,136,inception_5b/3x3_reduce,3613387,11621400,linear
Salient Object Subitizing_google,137,inception_5b/relu_3x3_reduce,87340,1210952,linear
Salient Object Subitizing_google,138,inception_5b/3x3,14602116,51770938,linear
Salient Object Subitizing_google,139,inception_5b/relu_3x3,85410,1892301,linear
Salient Object Subitizing_google,140,inception_5b/5x5_reduce,1100907,3491214,linear
Salient Object Subitizing_google,141,inception_5b/relu_5x5_reduce,99987,246884,linear
Salient Object Subitizing_google,142,inception_5b/5x5,3450513,14694751,linear
Salient Object Subitizing_google,143,inception_5b/relu_5x5,88350,603667,linear
Salient Object Subitizing_google,144,inception_5b/pool,58312,52154346,linear
Salient Object Subitizing_google,145,inception_5b/pool_proj,2288831,7616548,linear
Salient Object Subitizing_google,146,inception_5b/relu_pool_proj,61217,963431,linear
Salient Object Subitizing_google,147,inception_5b/output,73233,591714,linear
Salient Object Subitizing_google,148,pool5/7x7_s1,107018,23780823,linear
Salient Object Subitizing_google,149,pool5/drop_7x7_s1,98396,49459,linear
Salient Object Subitizing_google,150,loss3/classifier-sos,187848,48842,linear
Salient Object Subitizing_google,151,loss3/loss3,51165,25281,linear
Salient Object Subitizing,0,input,157524,12736,linear
Salient Object Subitizing,1,conv1,1317583,24800940,linear
Salient Object Subitizing,2,relu1,106247,3875901,linear
Salient Object Subitizing,3,pool1,108765,6532182,linear
Salient Object Subitizing,4,norm1,76486,3744783,linear
Salient Object Subitizing,5,conv2,13223098,37555405,linear
Salient Object Subitizing,6,relu2,100443,2054345,linear
Salient Object Subitizing,7,pool2,70362,4093596,linear
Salient Object Subitizing,8,norm2,71318,2782042,linear
Salient Object Subitizing,9,conv3,30936515,27283677,linear
Salient Object Subitizing,10,relu3,153559,843651,linear
Salient Object Subitizing,11,conv4,23518996,21726588,linear
Salient Object Subitizing,12,relu4,111289,848769,linear
Salient Object Subitizing,13,conv5,15785443,20298455,linear
Salient Object Subitizing,14,relu5,103627,449789,linear
Salient Object Subitizing,15,pool5,72594,1466983,linear
Salient Object Subitizing,16,fc6,1538512420,49235062,linear
Salient Object Subitizing,17,relu6,126350,64109,linear
Salient Object Subitizing,18,fc7,687602209,23246788,linear
Salient Object Subitizing,19,relu7,108526,63314,linear
Salient Object Subitizing,20,fc8_sbt,860680,48743,linear
Salient Object Subitizing,21,prob,137104,17001,linear
Salient Object Subitizing_google,0,data,68576,12469,linear
Salient Object Subitizing_google,1,conv1/7x7_s2,311332,262745161,linear
Salient Object Subitizing_google,2,conv1/relu_7x7,89711,71183854,linear
Salient Object Subitizing_google,3,pool1/3x3_s2,81269,129314547,linear
Salient Object Subitizing_google,4,pool1/norm1,104228,62470090,linear
Salient Object Subitizing_google,5,conv2/3x3_reduce,200844,19821666,linear
Salient Object Subitizing_google,6,conv2/relu_3x3_reduce,94593,19028001,linear
Salient Object Subitizing_google,7,conv2/3x3,2600372,510504443,linear
Salient Object Subitizing_google,8,conv2/relu_3x3,85036,52512822,linear
Salient Object Subitizing_google,9,conv2/norm2,72386,210740016,linear
Salient Object Subitizing_google,10,pool2/3x3_s2,88462,102845048,linear
Salient Object Subitizing_google,11,pool2/3x3_s2_pool2/3x3_s2_0_split,90783,15974,linear
Salient Object Subitizing_google,12,inception_3a/1x1,368623,12961762,linear
Salient Object Subitizing_google,13,inception_3a/relu_1x1,90528,4475972,linear
Salient Object Subitizing_google,14,inception_3a/3x3_reduce,468605,16665876,linear
Salient Object Subitizing_google,15,inception_3a/relu_3x3_reduce,89216,6825072,linear
Salient Object Subitizing_google,16,inception_3a/3x3,2333232,143845782,linear
Salient Object Subitizing_google,17,inception_3a/relu_3x3,92508,9463906,linear
Salient Object Subitizing_google,18,inception_3a/5x5_reduce,178034,4484505,linear
Salient Object Subitizing_google,19,inception_3a/relu_5x5_reduce,81123,1102950,linear
Salient Object Subitizing_google,20,inception_3a/5x5,340354,33264863,linear
Salient Object Subitizing_google,21,inception_3a/relu_5x5,89974,2236785,linear
Salient Object Subitizing_google,22,inception_3a/pool,52270,102813509,linear
Salient Object Subitizing_google,23,inception_3a/pool_proj,249287,7119386,linear
Salient Object Subitizing_google,24,inception_3a/relu_pool_proj,82319,2188776,linear
Salient Object Subitizing_google,25,inception_3a/output,52027,5012986,linear
Salient Object Subitizing_google,26,inception_3a/output_inception_3a/output_0_split,87540,11479,linear
Salient Object Subitizing_google,27,inception_3b/1x1,755034,33864186,linear
Salient Object Subitizing_google,28,inception_3b/relu_1x1,105495,8637009,linear
Salient Object Subitizing_google,29,inception_3b/3x3_reduce,834226,32648208,linear
Salient Object Subitizing_google,30,inception_3b/relu_3x3_reduce,122624,9014643,linear
Salient Object Subitizing_google,31,inception_3b/3x3,4980240,266831312,linear
Salient Object Subitizing_google,32,inception_3b/relu_3x3,90534,12756619,linear
Salient Object Subitizing_google,33,inception_3b/5x5_reduce,254136,10010166,linear
Salient Object Subitizing_google,34,inception_3b/relu_5x5_reduce,104006,2230763,linear
Salient Object Subitizing_google,35,inception_3b/5x5,1653130,110084015,linear
Salient Object Subitizing_google,36,inception_3b/relu_5x5,92300,6859855,linear
Salient Object Subitizing_google,37,inception_3b/pool,103049,144451146,linear
Salient Object Subitizing_google,38,inception_3b/pool_proj,449715,16005501,linear
Salient Object Subitizing_google,39,inception_3b/relu_pool_proj,88321,4298768,linear
Salient Object Subitizing_google,40,inception_3b/output,50948,6653021,linear
Salient Object Subitizing_google,41,pool3/3x3_s2,88644,81364378,linear
Salient Object Subitizing_google,42,pool3/3x3_s2_pool3/3x3_s2_0_split,87629,10643,linear
Salient Object Subitizing_google,43,inception_4a/1x1,1976664,25078776,linear
Salient Object Subitizing_google,44,inception_4a/relu_1x1,131096,3513134,linear
Salient Object Subitizing_google,45,inception_4a/3x3_reduce,1125464,11147864,linear
Salient Object Subitizing_google,46,inception_4a/relu_3x3_reduce,102056,1807865,linear
Salient Object Subitizing_google,47,inception_4a/3x3,3821760,49107199,linear
Salient Object Subitizing_google,48,inception_4a/relu_3x3,80786,3522437,linear
Salient Object Subitizing_google,49,inception_4a/5x5_reduce,250693,3629416,linear
Salient Object Subitizing_google,50,inception_4a/relu_5x5_reduce,106181,410878,linear
Salient Object Subitizing_google,51,inception_4a/5x5,668745,11546688,linear
Salient Object Subitizing_google,52,inception_4a/relu_5x5,88544,930123,linear
Salient Object Subitizing_google,53,inception_4a/pool,108102,72770197,linear
Salient Object Subitizing_google,54,inception_4a/pool_proj,751036,10583977,linear
Salient Object Subitizing_google,55,inception_4a/relu_pool_proj,110291,1879378,linear
Salient Object Subitizing_google,56,inception_4a/output,97413,1160078,linear
Salient Object Subitizing_google,57,inception_4a/output_inception_4a/output_0_split,116465,19524,linear
Salient Object Subitizing_google,58,inception_4b/1x1,2142723,19651154,linear
Salient Object Subitizing_google,59,inception_4b/relu_1x1,86009,3005214,linear
Salient Object Subitizing_google,60,inception_4b/3x3_reduce,1249664,13811100,linear
Salient Object Subitizing_google,61,inception_4b/relu_3x3_reduce,82059,2126012,linear
Salient Object Subitizing_google,62,inception_4b/3x3,4913926,68830189,linear
Salient Object Subitizing_google,63,inception_4b/relu_3x3,77866,4161224,linear
Salient Object Subitizing_google,64,inception_4b/5x5_reduce,338139,4157458,linear
Salient Object Subitizing_google,65,inception_4b/relu_5x5_reduce,89870,441293,linear
Salient Object Subitizing_google,66,inception_4b/5x5,861267,15694632,linear
Salient Object Subitizing_google,67,inception_4b/relu_5x5,54927,1234348,linear
Salient Object Subitizing_google,68,inception_4b/pool,53452,85533312,linear
Salient Object Subitizing_google,69,inception_4b/pool_proj,789733,8389823,linear
Salient Object Subitizing_google,70,inception_4b/relu_pool_proj,80846,1214490,linear
Salient Object Subitizing_google,71,inception_4b/output,51867,828220,linear
Salient Object Subitizing_google,72,inception_4b/output_inception_4b/output_0_split,91480,11971,linear
Salient Object Subitizing_google,73,inception_4c/1x1,1572489,23425756,linear
Salient Object Subitizing_google,74,inception_4c/relu_1x1,92940,2362179,linear
Salient Object Subitizing_google,75,inception_4c/3x3_reduce,1423117,16281444,linear
Salient Object Subitizing_google,76,inception_4c/relu_3x3_reduce,89430,2379087,linear
Salient Object Subitizing_google,77,inception_4c/3x3,6622456,85143788,linear
Salient Object Subitizing_google,78,inception_4c/relu_3x3,93656,4743800,linear
Salient Object Subitizing_google,79,inception_4c/5x5_reduce,333074,4195084,linear
Salient Object Subitizing_google,80,inception_4c/relu_5x5_reduce,79684,465166,linear
Salient Object Subitizing_google,81,inception_4c/5x5,882347,15723148,linear
Salient Object Subitizing_google,82,inception_4c/relu_5x5,60933,1270984,linear
Salient Object Subitizing_google,83,inception_4c/pool,55582,93590582,linear
Salient Object Subitizing_google,84,inception_4c/pool_proj,788426,8341130,linear
Salient Object Subitizing_google,85,inception_4c/relu_pool_proj,80336,1163420,linear
Salient Object Subitizing_google,86,inception_4c/output,52035,843293,linear
Salient Object Subitizing_google,87,inception_4c/output_inception_4c/output_0_split,86632,11146,linear
Salient Object Subitizing_google,88,inception_4d/1x1,1379798,14944849,linear
Salient Object Subitizing_google,89,inception_4d/relu_1x1,110231,2075296,linear
Salient Object Subitizing_google,90,inception_4d/3x3_reduce,1639102,17454724,linear
Salient Object Subitizing_google,91,inception_4d/relu_3x3_reduce,83873,2635820,linear
Salient Object Subitizing_google,92,inception_4d/3x3,8344479,97698001,linear
Salient Object Subitizing_google,93,inception_4d/relu_3x3,121090,5076670,linear
Salient Object Subitizing_google,94,inception_4d/5x5_reduce,431150,5353479,linear
Salient Object Subitizing_google,95,inception_4d/relu_5x5_reduce,77140,598607,linear
Salient Object Subitizing_google,96,inception_4d/5x5,1134686,20786274,linear
Salient Object Subitizing_google,97,inception_4d/relu_5x5,90638,1419066,linear
Salient Object Subitizing_google,98,inception_4d/pool,84371,89337765,linear
Salient Object Subitizing_google,99,inception_4d/pool_proj,794794,12417253,linear
Salient Object Subitizing_google,100,inception_4d/relu_pool_proj,109927,1866239,linear
Salient Object Subitizing_google,101,inception_4d/output,94968,1183376,linear
Salient Object Subitizing_google,102,inception_4d/output_inception_4d/output_0_split,94733,30434,linear
Salient Object Subitizing_google,103,inception_4e/1x1,3168257,31025218,linear
Salient Object Subitizing_google,104,inception_4e/relu_1x1,93121,4528523,linear
Salient Object Subitizing_google,105,inception_4e/3x3_reduce,1812573,19634829,linear
Salient Object Subitizing_google,106,inception_4e/relu_3x3_reduce,98700,2913127,linear
Salient Object Subitizing_google,107,inception_4e/3x3,12007944,120795805,linear
Salient Object Subitizing_google,108,inception_4e/relu_3x3,94147,5571733,linear
Salient Object Subitizing_google,109,inception_4e/5x5_reduce,450413,4815129,linear
Salient Object Subitizing_google,110,inception_4e/relu_5x5_reduce,76753,586112,linear
Salient Object Subitizing_google,111,inception_4e/5x5,2165525,32171842,linear
Salient Object Subitizing_google,112,inception_4e/relu_5x5,66273,2145941,linear
Salient Object Subitizing_google,113,inception_4e/pool,53431,91738996,linear
Salient Object Subitizing_google,114,inception_4e/pool_proj,1505316,16247125,linear
Salient Object Subitizing_google,115,inception_4e/relu_pool_proj,133210,3735475,linear
Salient Object Subitizing_google,116,inception_4e/output,104999,3094679,linear
Salient Object Subitizing_google,117,pool4/3x3_s2,97856,53424246,linear
Salient Object Subitizing_google,118,pool4/3x3_s2_pool4/3x3_s2_0_split,85554,11044,linear
Salient Object Subitizing_google,119,inception_5a/1x1,4491068,14978180,linear
Salient Object Subitizing_google,120,inception_5a/relu_1x1,69971,1167953,linear
Salient Object Subitizing_google,121,inception_5a/3x3_reduce,2810505,14879171,linear
Salient Object Subitizing_google,122,inception_5a/relu_3x3_reduce,94578,767168,linear
Salient Object Subitizing_google,123,inception_5a/3x3,10220610,36325297,linear
Salient Object Subitizing_google,124,inception_5a/relu_3x3,85984,1408737,linear
Salient Object Subitizing_google,125,inception_5a/5x5_reduce,638646,2112719,linear
Salient Object Subitizing_google,126,inception_5a/relu_5x5_reduce,58624,158267,linear
Salient Object Subitizing_google,127,inception_5a/5x5,2149301,9508228,linear
Salient Object Subitizing_google,128,inception_5a/relu_5x5,52949,590859,linear
Salient Object Subitizing_google,129,inception_5a/pool,52289,66651670,linear
Salient Object Subitizing_google,130,inception_5a/pool_proj,2356961,7553532,linear
Salient Object Subitizing_google,131,inception_5a/relu_pool_proj,62778,568460,linear
Salient Object Subitizing_google,132,inception_5a/output,54814,345790,linear
Salient Object Subitizing_google,133,inception_5a/output_inception_5a/output_0_split,61928,10765,linear
Salient Object Subitizing_google,134,inception_5b/1x1,7383935,24269333,linear
Salient Object Subitizing_google,135,inception_5b/relu_1x1,88234,1774405,linear
Salient Object Subitizing_google,136,inception_5b/3x3_reduce,3447107,11587319,linear
Salient Object Subitizing_google,137,inception_5b/relu_3x3_reduce,101437,933759,linear
Salient Object Subitizing_google,138,inception_5b/3x3,14428535,52845739,linear
Salient Object Subitizing_google,139,inception_5b/relu_3x3,100192,1852792,linear
Salient Object Subitizing_google,140,inception_5b/5x5_reduce,959134,3125184,linear
Salient Object Subitizing_google,141,inception_5b/relu_5x5_reduce,91885,237221,linear
Salient Object Subitizing_google,142,inception_5b/5x5,3266608,14587221,linear
Salient Object Subitizing_google,143,inception_5b/relu_5x5,85217,615333,linear
Salient Object Subitizing_google,144,inception_5b/pool,54998,53412170,linear
Salient Object Subitizing_google,145,inception_5b/pool_proj,2460429,7884467,linear
Salient Object Subitizing_google,146,inception_5b/relu_pool_proj,88726,584312,linear
Salient Object Subitizing_google,147,inception_5b/output,52675,561809,linear
Salient Object Subitizing_google,148,pool5/7x7_s1,63202,22881338,linear
Salient Object Subitizing_google,149,pool5/drop_7x7_s1,86147,51763,linear
Salient Object Subitizing_google,150,loss3/classifier-sos,183476,49636,linear
Salient Object Subitizing_google,151,loss3/loss3,50576,21116,linear
